"meetingName","barrierNumber","raceDistance","n_races","n_wins","expected_wins","win_perc","wins_above_exp"
"ANGLE PARK",1,"342",602,143,127.95324240865,0.237541528239203,15.0467575913499
"ANGLE PARK",2,"342",599,94,97.7703642154744,0.156928213689482,-3.77036421547436
"ANGLE PARK",3,"342",189,27,23.8171060669459,0.142857142857143,3.18289393305405
"ANGLE PARK",4,"342",596,96,93.9107522651451,0.161073825503356,2.08924773485492
"ANGLE PARK",5,"342",580,93,81.8106623265663,0.160344827586207,11.1893376734337
"ANGLE PARK",6,"342",203,18,23.2703118305342,0.0886699507389163,-5.27031183053419
"ANGLE PARK",7,"342",590,63,75.0698394016638,0.106779661016949,-12.0698394016638
"ANGLE PARK",8,"342",599,74,84.1420676441915,0.123539232053422,-10.1420676441915
"ANGLE PARK",9,"342",1,1,0.255653840828707,1,0.744346159171293
"ANGLE PARK",1,"388",185,44,44.6809898355884,0.237837837837838,-0.680989835588448
"ANGLE PARK",2,"388",183,37,32.5066879822751,0.202185792349727,4.49331201772486
"ANGLE PARK",3,"388",38,6,4.36315307478776,0.157894736842105,1.63684692521224
"ANGLE PARK",4,"388",182,25,29.1561963565423,0.137362637362637,-4.15619635654229
"ANGLE PARK",5,"388",174,22,22.588115302527,0.126436781609195,-0.588115302527033
"ANGLE PARK",6,"388",44,9,5.60806372657072,0.204545454545455,3.39193627342928
"ANGLE PARK",7,"388",176,20,21.2931885765095,0.113636363636364,-1.29318857650945
"ANGLE PARK",8,"388",185,25,28.8036051451992,0.135135135135135,-3.80360514519916
"ANGLE PARK",1,"515",197,44,42.4164951661644,0.223350253807107,1.5835048338356
"ANGLE PARK",2,"515",197,38,35.7782173325915,0.192893401015228,2.22178266740849
"ANGLE PARK",3,"515",92,14,12.5176950906448,0.152173913043478,1.48230490935521
"ANGLE PARK",4,"515",190,25,27.9547714892628,0.131578947368421,-2.95477148926278
"ANGLE PARK",5,"515",162,30,21.9062199465941,0.185185185185185,8.09378005340588
"ANGLE PARK",6,"515",100,10,13.2179597648296,0.1,-3.21795976482959
"ANGLE PARK",7,"515",187,18,24.0074432807626,0.0962566844919786,-6.00744328076259
"ANGLE PARK",8,"515",195,23,24.2011979291502,0.117948717948718,-1.20119792915022
"ANGLE PARK",1,"530",757,154,150.554943464663,0.203434610303831,3.44505653533696
"ANGLE PARK",2,"530",764,125,129.620438105327,0.163612565445026,-4.62043810532742
"ANGLE PARK",3,"530",348,52,53.0524194243087,0.149425287356322,-1.05241942430875
"ANGLE PARK",4,"530",757,132,126.325081507076,0.174372523117569,5.67491849292448
"ANGLE PARK",5,"530",594,83,82.0171351089245,0.13973063973064,0.982864891075479
"ANGLE PARK",6,"530",411,58,53.5065653951475,0.141119221411192,4.49343460485254
"ANGLE PARK",7,"530",695,86,87.2208685479712,0.123741007194245,-1.22086854797116
"ANGLE PARK",8,"530",756,89,95.3516703633336,0.117724867724868,-6.35167036333364
"ANGLE PARK",9,"530",1,0,0.350878083248497,0,-0.350878083248497
"ANGLE PARK",1,"595",122,23,22.7052944732731,0.188524590163934,0.294705526726879
"ANGLE PARK",2,"595",120,20,18.6114192939342,0.166666666666667,1.38858070606581
"ANGLE PARK",3,"595",51,9,6.55493357064744,0.176470588235294,2.44506642935256
"ANGLE PARK",4,"595",118,21,23.5014479698109,0.177966101694915,-2.50144796981091
"ANGLE PARK",5,"595",71,11,12.7220533590308,0.154929577464789,-1.72205335903084
"ANGLE PARK",6,"595",80,13,13.6377001651154,0.1625,-0.637700165115367
"ANGLE PARK",7,"595",90,13,12.1404732523947,0.144444444444444,0.859526747605324
"ANGLE PARK",8,"595",119,17,17.1266779157935,0.142857142857143,-0.126677915793461
"ANGLE PARK",1,"600",34,6,5.64896467856132,0.176470588235294,0.351035321438681
"ANGLE PARK",2,"600",33,8,5.55134403697342,0.242424242424242,2.44865596302658
"ANGLE PARK",3,"600",15,4,2.60602855496927,0.266666666666667,1.39397144503073
"ANGLE PARK",4,"600",32,4,4.77838131801843,0.125,-0.778381318018434
"ANGLE PARK",5,"600",20,3,3.20683381384759,0.15,-0.206833813847588
"ANGLE PARK",6,"600",24,3,3.73755952789228,0.125,-0.737559527892275
"ANGLE PARK",7,"600",24,4,3.60612553999906,0.166666666666667,0.393874460000939
"ANGLE PARK",8,"600",33,2,4.86476252973863,0.0606060606060606,-2.86476252973863
"ANGLE PARK",1,"730",85,17,17.8360765606168,0.2,-0.836076560616817
"ANGLE PARK",2,"730",46,12,10.2129805381704,0.260869565217391,1.78701946182963
"ANGLE PARK",3,"730",50,12,11.5450914429026,0.24,0.45490855709736
"ANGLE PARK",4,"730",50,7,8.93855433185479,0.14,-1.93855433185479
"ANGLE PARK",5,"730",54,14,14.1781936933035,0.259259259259259,-0.178193693303497
"ANGLE PARK",6,"730",37,12,7.33510423164405,0.324324324324324,4.66489576835595
"ANGLE PARK",7,"730",61,11,12.1165099550378,0.180327868852459,-1.11650995503784
"ANGLE PARK",8,"730",46,5,7.83748924647,0.108695652173913,-2.83748924647
"ANGLE PARK",1,"731",22,2,3.17191628633667,0.0909090909090909,-1.17191628633667
"ANGLE PARK",2,"731",14,1,2.88979079359633,0.0714285714285714,-1.88979079359633
"ANGLE PARK",3,"731",9,1,1.09231924134626,0.111111111111111,-0.0923192413462579
"ANGLE PARK",4,"731",13,6,2.51308545500098,0.461538461538462,3.48691454499902
"ANGLE PARK",5,"731",14,4,3.56054843403485,0.285714285714286,0.439451565965145
"ANGLE PARK",6,"731",7,0,0.722754125303047,0,-0.722754125303047
"ANGLE PARK",7,"731",16,5,4.04645882494559,0.3125,0.953541175054409
"ANGLE PARK",8,"731",14,3,4.00312683943627,0.214285714285714,-1.00312683943627
"BALLARAT",1,"390",28,1,4.39755901278436,0.0357142857142857,-3.39755901278436
"BALLARAT",2,"390",28,8,4.18557187198183,0.285714285714286,3.81442812801817
"BALLARAT",3,"390",22,6,5.00163502667145,0.272727272727273,0.998364973328554
"BALLARAT",4,"390",26,3,1.91755444657251,0.115384615384615,1.08244555342749
"BALLARAT",5,"390",24,3,3.96783593622993,0.125,-0.967835936229934
"BALLARAT",6,"390",26,2,2.11042505575071,0.0769230769230769,-0.11042505575071
"BALLARAT",7,"390",26,4,3.94591998224904,0.153846153846154,0.0540800177509611
"BALLARAT",8,"390",26,1,2.47349866776017,0.0384615384615385,-1.47349866776017
"BALLARAT",1,"450",33,6,7.0861889220077,0.181818181818182,-1.0861889220077
"BALLARAT",2,"450",31,7,6.38063738075691,0.225806451612903,0.619362619243091
"BALLARAT",3,"450",33,6,4.49048707415227,0.181818181818182,1.50951292584773
"BALLARAT",4,"450",31,2,2.76575873771285,0.0645161290322581,-0.76575873771285
"BALLARAT",5,"450",22,2,1.75007040406298,0.0909090909090909,0.249929595937016
"BALLARAT",6,"450",33,7,4.13586591932223,0.212121212121212,2.86413408067777
"BALLARAT",7,"450",33,2,3.8276417750692,0.0606060606060606,-1.8276417750692
"BALLARAT",8,"450",31,2,3.56334978691585,0.0645161290322581,-1.56334978691585
"BALLARAT",1,"545",4,2,0.933623551599632,0.5,1.06637644840037
"BALLARAT",2,"545",5,0,1.04503318351598,0,-1.04503318351598
"BALLARAT",3,"545",5,1,1.06829362395062,0.2,-0.0682936239506189
"BALLARAT",4,"545",5,0,0.375350764620554,0,-0.375350764620554
"BALLARAT",5,"545",4,0,0.164140894114596,0,-0.164140894114596
"BALLARAT",6,"545",5,0,0.641432621733377,0,-0.641432621733377
"BALLARAT",7,"545",5,1,0.276956000470293,0.2,0.723043999529707
"BALLARAT",8,"545",5,1,0.495169359994946,0.2,0.504830640005054
"BALLARAT",1,"660",3,1,0.689710275320818,0.333333333333333,0.310289724679182
"BALLARAT",2,"660",3,0,0.0794501331734807,0,-0.0794501331734807
"BALLARAT",3,"660",2,2,0.341268204809526,1,1.65873179519047
"BALLARAT",4,"660",3,0,0.567179197796482,0,-0.567179197796482
"BALLARAT",5,"660",2,0,0.532625598669513,0,-0.532625598669513
"BALLARAT",6,"660",3,0,0.436840725434796,0,-0.436840725434796
"BALLARAT",7,"660",2,0,0.106167067959565,0,-0.106167067959565
"BALLARAT",8,"660",3,0,0.24675879683582,0,-0.24675879683582
"BENDIGO",1,"425",27,6,6.1921841020729,0.222222222222222,-0.192184102072901
"BENDIGO",2,"425",30,4,4.96162483362004,0.133333333333333,-0.961624833620037
"BENDIGO",3,"425",29,7,3.86745384094333,0.241379310344828,3.13254615905667
"BENDIGO",4,"425",27,2,2.87493945634411,0.0740740740740741,-0.874939456344107
"BENDIGO",5,"425",24,4,2.94461980190241,0.166666666666667,1.05538019809759
"BENDIGO",6,"425",28,3,3.30726182025295,0.107142857142857,-0.30726182025295
"BENDIGO",7,"425",30,1,2.96145783362563,0.0333333333333333,-1.96145783362563
"BENDIGO",8,"425",29,3,2.89045831123864,0.103448275862069,0.109541688761361
"BENDIGO",1,"500",13,1,2.20967735227383,0.0769230769230769,-1.20967735227383
"BENDIGO",2,"500",13,3,2.1993203416208,0.230769230769231,0.800679658379196
"BENDIGO",3,"500",13,3,1.99622673299108,0.230769230769231,1.00377326700892
"BENDIGO",4,"500",12,2,1.17066111731854,0.166666666666667,0.829338882681458
"BENDIGO",5,"500",11,1,0.64632707140342,0.0909090909090909,0.35367292859658
"BENDIGO",6,"500",13,0,1.49401224129576,0,-1.49401224129576
"BENDIGO",7,"500",13,1,1.37936037044686,0.0769230769230769,-0.379360370446856
"BENDIGO",8,"500",13,2,1.90441477264971,0.153846153846154,0.0955852273502877
"BENDIGO",1,"660",4,0,0.229592912063439,0,-0.229592912063439
"BENDIGO",2,"660",4,0,0.374980801332262,0,-0.374980801332262
"BENDIGO",3,"660",3,0,0.241413135072376,0,-0.241413135072376
"BENDIGO",4,"660",4,0,0.758293360188713,0,-0.758293360188713
"BENDIGO",5,"660",3,1,0.132828024711394,0.333333333333333,0.867171975288606
"BENDIGO",6,"660",2,0,0.294834083006571,0,-0.294834083006571
"BENDIGO",7,"660",4,2,1.17979578606165,0.5,0.820204213938352
"BENDIGO",8,"660",3,1,0.788261897563597,0.333333333333333,0.211738102436403
"DEVONPORT",1,"452",570,88,102.17553412136,0.154385964912281,-14.1755341213595
"DEVONPORT",2,"452",569,97,83.1434955462482,0.170474516695958,13.8565044537518
"DEVONPORT",3,"452",575,58,68.1228002762287,0.100869565217391,-10.1228002762287
"DEVONPORT",4,"452",576,72,72.4395294050256,0.125,-0.43952940502561
"DEVONPORT",5,"452",542,65,63.0644157162303,0.119926199261993,1.93558428376966
"DEVONPORT",6,"452",574,71,66.1201125934744,0.123693379790941,4.87988740652561
"DEVONPORT",7,"452",565,52,58.7383109646411,0.0920353982300885,-6.7383109646411
"DEVONPORT",8,"452",573,93,81.0358511690642,0.162303664921466,11.9641488309358
"DEVONPORT",10,"452",2,0,0.159950207727881,0,-0.159950207727881
"DEVONPORT",1,"580",15,6,3.34034121425135,0.4,2.65965878574865
"DEVONPORT",2,"580",18,5,3.39923693354503,0.277777777777778,1.60076306645497
"DEVONPORT",3,"580",15,0,1.96687626453163,0,-1.96687626453163
"DEVONPORT",4,"580",15,2,1.77630138826436,0.133333333333333,0.223698611735642
"DEVONPORT",5,"580",13,0,1.65426467149042,0,-1.65426467149042
"DEVONPORT",6,"580",14,0,1.78351936805367,0,-1.78351936805367
"DEVONPORT",7,"580",16,2,2.71438181261086,0.125,-0.714381812610865
"DEVONPORT",8,"580",17,3,2.36507834725268,0.176470588235294,0.634921652747321
"GAWLER",1,"400",1657,383,374.617607733615,0.231140615570308,8.38239226638524
"GAWLER",2,"400",1658,306,292.208852631693,0.184559710494572,13.7911473683074
"GAWLER",3,"400",463,60,58.8116452457505,0.129589632829374,1.18835475424945
"GAWLER",4,"400",1642,252,254.022852441992,0.15347137637028,-2.02285244199203
"GAWLER",5,"400",1495,204,203.860610258307,0.136454849498328,0.139389741693321
"GAWLER",6,"400",550,69,62.7945990995791,0.125454545454545,6.20540090042087
"GAWLER",7,"400",1571,222,214.076910473883,0.141311266709102,7.92308952611697
"GAWLER",8,"400",1647,207,240.606922115181,0.12568306010929,-33.6069221151812
"GAWLER",1,"531",475,109,99.9154151682218,0.229473684210526,9.08458483177824
"GAWLER",2,"531",483,69,76.9521081271806,0.142857142857143,-7.95210812718061
"GAWLER",3,"531",241,31,27.1526578580089,0.128630705394191,3.84734214199112
"GAWLER",4,"531",470,61,72.4683083754347,0.129787234042553,-11.4683083754347
"GAWLER",5,"531",355,62,47.8258384672014,0.174647887323944,14.1741615327986
"GAWLER",6,"531",306,53,42.7447245693591,0.173202614379085,10.2552754306409
"GAWLER",7,"531",406,57,57.4074045820501,0.140394088669951,-0.407404582050141
"GAWLER",8,"531",479,59,75.5335428525435,0.123173277661795,-16.5335428525435
"GAWLER",1,"643",81,13,14.8168521943868,0.160493827160494,-1.81685219438684
"GAWLER",2,"643",80,16,16.551242277478,0.2,-0.551242277478
"GAWLER",3,"643",26,5,4.82167173178977,0.192307692307692,0.178328268210225
"GAWLER",4,"643",82,9,14.2528473894873,0.109756097560976,-5.25284738948732
"GAWLER",5,"643",36,5,5.31078187157846,0.138888888888889,-0.310781871578458
"GAWLER",6,"643",57,17,11.8517612687314,0.298245614035088,5.14823873126864
"GAWLER",7,"643",51,7,7.5739380963545,0.137254901960784,-0.573938096354503
"GAWLER",8,"643",85,20,15.8209051701937,0.235294117647059,4.17909482980626
"GEELONG",1,"400",177,18,27.7543303778105,0.101694915254237,-9.75433037781054
"GEELONG",2,"400",172,30,27.0211719914321,0.174418604651163,2.97882800856789
"GEELONG",3,"400",144,17,18.46786242381,0.118055555555556,-1.46786242381
"GEELONG",4,"400",173,26,21.9503231560048,0.15028901734104,4.04967684399522
"GEELONG",5,"400",110,14,13.9871123303988,0.127272727272727,0.0128876696012394
"GEELONG",6,"400",148,24,19.1040156579836,0.162162162162162,4.89598434201644
"GEELONG",7,"400",162,19,20.8680117524574,0.117283950617284,-1.86801175245744
"GEELONG",8,"400",167,32,30.8471723101028,0.191616766467066,1.1528276898972
"GEELONG",1,"460",129,20,22.021117153226,0.155038759689922,-2.02111715322604
"GEELONG",2,"460",128,13,17.3757518679327,0.1015625,-4.37575186793267
"GEELONG",3,"460",108,9,13.185592355389,0.0833333333333333,-4.18559235538899
"GEELONG",4,"460",128,16,17.3047415778604,0.125,-1.30474157786038
"GEELONG",5,"460",92,13,12.2593118083843,0.141304347826087,0.740688191615735
"GEELONG",6,"460",112,20,13.6027025511045,0.178571428571429,6.39729744889554
"GEELONG",7,"460",123,24,17.3730480237684,0.195121951219512,6.62695197623157
"GEELONG",8,"460",132,21,21.8777346623348,0.159090909090909,-0.877734662334756
"GEELONG",1,"520",23,8,4.56097730298241,0.347826086956522,3.43902269701759
"GEELONG",2,"520",22,3,4.89845271184808,0.136363636363636,-1.89845271184808
"GEELONG",3,"520",21,4,2.58035582943851,0.19047619047619,1.41964417056149
"GEELONG",4,"520",23,3,2.45390182863547,0.130434782608696,0.546098171364534
"GEELONG",5,"520",19,1,2.34137676130524,0.0526315789473684,-1.34137676130524
"GEELONG",6,"520",20,3,2.02204754764177,0.15,0.977952452358234
"GEELONG",7,"520",21,1,2.25501355916292,0.0476190476190476,-1.25501355916292
"GEELONG",8,"520",23,1,2.88787445898562,0.0434782608695652,-1.88787445898562
"GEELONG",1,"680",6,2,0.726178548663665,0.333333333333333,1.27382145133634
"GEELONG",2,"680",6,0,1.82852373320365,0,-1.82852373320365
"GEELONG",3,"680",1,0,0.109377999361826,0,-0.109377999361826
"GEELONG",4,"680",5,0,0.555536035452894,0,-0.555536035452894
"GEELONG",5,"680",3,1,0.654974043326769,0.333333333333333,0.345025956673231
"GEELONG",6,"680",2,0,0.194804023252357,0,-0.194804023252357
"GEELONG",7,"680",6,1,0.740000369115584,0.166666666666667,0.259999630884416
"GEELONG",8,"680",6,2,1.19060524762326,0.333333333333333,0.809394752376741
"HOBART",1,"340",338,57,62.5187127252566,0.168639053254438,-5.51871272525658
"HOBART",2,"340",329,56,47.2189332170481,0.170212765957447,8.78106678295188
"HOBART",3,"340",339,44,42.8758998145844,0.129793510324484,1.1241001854156
"HOBART",4,"340",338,48,40.8799524008598,0.142011834319527,7.12004759914024
"HOBART",5,"340",328,44,38.1248040478024,0.134146341463415,5.87519595219764
"HOBART",6,"340",334,26,32.1894772275183,0.0778443113772455,-6.18947722751835
"HOBART",7,"340",339,31,36.7289600746409,0.0914454277286136,-5.7289600746409
"HOBART",8,"340",337,39,44.4306376558661,0.115727002967359,-5.43063765586606
"HOBART",9,"340",1,0,0.032622836423488,0,-0.032622836423488
"HOBART",1,"461",628,113,100.40425523254,0.179936305732484,12.5957447674603
"HOBART",2,"461",623,104,94.1477935609564,0.1669341894061,9.85220643904358
"HOBART",3,"461",606,59,70.2958714535276,0.0973597359735974,-11.2958714535276
"HOBART",4,"461",621,96,84.5712746163175,0.154589371980676,11.4287253836825
"HOBART",5,"461",584,68,63.1619008970725,0.116438356164384,4.83809910292747
"HOBART",6,"461",608,65,66.3344751246544,0.106907894736842,-1.33447512465445
"HOBART",7,"461",618,59,71.0950271381125,0.0954692556634304,-12.0950271381125
"HOBART",8,"461",623,75,87.9894019768193,0.120385232744783,-12.9894019768193
"HOBART",1,"599",37,7,6.01167169373465,0.189189189189189,0.988328306265354
"HOBART",2,"599",38,7,6.28050018441421,0.184210526315789,0.719499815585793
"HOBART",3,"599",26,2,2.49941379755251,0.0769230769230769,-0.499413797552509
"HOBART",4,"599",35,6,5.42032014611243,0.171428571428571,0.57967985388757
"HOBART",5,"599",32,5,3.45405886219662,0.15625,1.54594113780338
"HOBART",6,"599",27,2,3.07158614666748,0.0740740740740741,-1.07158614666748
"HOBART",7,"599",37,6,5.40329400368343,0.162162162162162,0.596705996316573
"HOBART",8,"599",38,4,6.85915516563868,0.105263157894737,-2.85915516563868
"HORSHAM",1,"410",5,0,0.675734094919892,0,-0.675734094919892
"HORSHAM",2,"410",5,2,1.42009625762707,0.4,0.579903742372929
"HORSHAM",3,"410",5,0,0.845181512315219,0,-0.845181512315219
"HORSHAM",4,"410",6,0,0.445114436309123,0,-0.445114436309123
"HORSHAM",5,"410",3,0,0.156654619541166,0,-0.156654619541166
"HORSHAM",6,"410",5,1,1.39909070385815,0.2,-0.399090703858152
"HORSHAM",7,"410",5,1,0.378725665686853,0.2,0.621274334313147
"HORSHAM",8,"410",5,2,0.679402709742523,0.4,1.32059729025748
"HORSHAM",1,"485",4,1,0.96395742719974,0.25,0.0360425728002601
"HORSHAM",2,"485",4,0,0.866214470040592,0,-0.866214470040592
"HORSHAM",3,"485",4,0,0.21554449540249,0,-0.21554449540249
"HORSHAM",4,"485",4,0,0.215513517653166,0,-0.215513517653166
"HORSHAM",5,"485",3,0,0.372150584221384,0,-0.372150584221384
"HORSHAM",6,"485",4,1,0.658107534406697,0.25,0.341892465593303
"HORSHAM",7,"485",4,1,0.237106368189971,0.25,0.762893631810029
"HORSHAM",8,"485",2,1,0.471405602885959,0.5,0.528594397114041
"LAUNCESTON",1,"278",511,103,118.822253695667,0.201565557729941,-15.8222536956667
"LAUNCESTON",2,"278",518,78,74.1588877534839,0.150579150579151,3.84111224651613
"LAUNCESTON",3,"278",505,62,59.9374041597298,0.122772277227723,2.06259584027018
"LAUNCESTON",4,"278",517,62,62.3543457874298,0.119922630560928,-0.35434578742985
"LAUNCESTON",5,"278",501,54,51.7548101451572,0.107784431137725,2.24518985484283
"LAUNCESTON",6,"278",514,61,50.1864763794885,0.118677042801556,10.8135236205115
"LAUNCESTON",7,"278",511,63,51.5515866515111,0.123287671232877,11.4484133484889
"LAUNCESTON",8,"278",515,44,58.234235427533,0.0854368932038835,-14.234235427533
"LAUNCESTON",1,"515",421,83,90.4092178785984,0.197149643705463,-7.40921787859844
"LAUNCESTON",2,"515",420,69,70.552855699129,0.164285714285714,-1.55285569912901
"LAUNCESTON",3,"515",401,62,52.0152965885468,0.154613466334165,9.98470341145318
"LAUNCESTON",4,"515",420,61,55.4165507637175,0.145238095238095,5.58344923628249
"LAUNCESTON",5,"515",369,40,35.79214910008,0.10840108401084,4.20785089991995
"LAUNCESTON",6,"515",396,34,41.634900994575,0.0858585858585859,-7.63490099457498
"LAUNCESTON",7,"515",406,44,42.1047739248274,0.108374384236453,1.89522607517259
"LAUNCESTON",8,"515",417,44,47.0742550505258,0.105515587529976,-3.07425505052579
"LAUNCESTON",1,"600",25,8,6.72118322229604,0.32,1.27881677770396
"LAUNCESTON",2,"600",22,2,3.08108296371887,0.0909090909090909,-1.08108296371887
"LAUNCESTON",3,"600",20,9,5.30945280425998,0.45,3.69054719574002
"LAUNCESTON",4,"600",23,2,3.36287560142239,0.0869565217391304,-1.36287560142239
"LAUNCESTON",5,"600",15,3,1.84355151885815,0.2,1.15644848114185
"LAUNCESTON",6,"600",12,0,0.983425215171165,0,-0.983425215171165
"LAUNCESTON",7,"600",23,0,2.68529771519958,0,-2.68529771519958
"LAUNCESTON",8,"600",22,2,2.01313095907383,0.0909090909090909,-0.0131309590738282
"LAUNCESTON",1,"720",4,0,1.21956785780963,0,-1.21956785780963
"LAUNCESTON",2,"720",2,1,0.248578773787394,0.5,0.751421226212606
"LAUNCESTON",3,"720",1,0,0.0107144153398691,0,-0.0107144153398691
"LAUNCESTON",4,"720",4,2,0.654324356077981,0.5,1.34567564392202
"LAUNCESTON",5,"720",1,1,0.25821325648415,1,0.74178674351585
"LAUNCESTON",6,"720",4,0,0.881823232324095,0,-0.881823232324095
"LAUNCESTON",7,"720",2,0,0.78387086734532,0,-0.78387086734532
"LAUNCESTON",8,"720",4,1,0.942907240831562,0.25,0.0570927591684384
"MOUNT GAMBIER",0,"305",9,2,2,0.222222222222222,0
"MOUNT GAMBIER",1,"305",139,30,30.6798024792539,0.215827338129496,-0.679802479253858
"MOUNT GAMBIER",2,"305",133,19,23.5229710694868,0.142857142857143,-4.52297106948681
"MOUNT GAMBIER",3,"305",12,2,1.54049698901981,0.166666666666667,0.459503010980189
"MOUNT GAMBIER",4,"305",139,25,24.8409537303747,0.179856115107914,0.159046269625282
"MOUNT GAMBIER",5,"305",110,20,17.495036381661,0.181818181818182,2.50496361833905
"MOUNT GAMBIER",6,"305",38,6,6.1388878487078,0.157894736842105,-0.138887848707801
"MOUNT GAMBIER",7,"305",111,18,18.245619093133,0.162162162162162,-0.245619093132966
"MOUNT GAMBIER",8,"305",139,25,22.5362324083631,0.179856115107914,2.46376759163691
"MOUNT GAMBIER",0,"400",17,3,3,0.176470588235294,0
"MOUNT GAMBIER",1,"400",1142,262,269.806410090979,0.229422066549912,-7.80641009097889
"MOUNT GAMBIER",2,"400",1121,198,192.821897698081,0.176628010704728,5.17810230191938
"MOUNT GAMBIER",3,"400",364,55,46.3883147543507,0.151098901098901,8.61168524564933
"MOUNT GAMBIER",4,"400",1116,151,166.355081646802,0.135304659498208,-15.3550816468017
"MOUNT GAMBIER",5,"400",930,140,123.096651887832,0.150537634408602,16.9033481121677
"MOUNT GAMBIER",6,"400",466,64,63.3053420908858,0.137339055793991,0.694657909114213
"MOUNT GAMBIER",7,"400",1004,135,136.319713665305,0.134462151394422,-1.31971366530539
"MOUNT GAMBIER",8,"400",1125,162,167.906588165765,0.144,-5.90658816576462
"MOUNT GAMBIER",1,"512",463,98,97.2835266976315,0.211663066954644,0.716473302368513
"MOUNT GAMBIER",2,"512",454,79,75.0982632929268,0.174008810572687,3.90173670707324
"MOUNT GAMBIER",3,"512",227,32,27.0935507845092,0.140969162995595,4.9064492154908
"MOUNT GAMBIER",4,"512",457,66,72.2939701087485,0.144420131291028,-6.2939701087485
"MOUNT GAMBIER",5,"512",320,49,44.2142683389146,0.153125,4.78573166108535
"MOUNT GAMBIER",6,"512",297,36,40.5232520008838,0.121212121212121,-4.52325200088377
"MOUNT GAMBIER",7,"512",381,49,51.3186633868226,0.128608923884514,-2.31866338682264
"MOUNT GAMBIER",8,"512",458,70,71.1580500744814,0.152838427947598,-1.15805007448141
"MOUNT GAMBIER",10,"512",1,0,0.0164553150815876,0,-0.0164553150815876
"MOUNT GAMBIER",1,"600",76,16,17.4331019155818,0.210526315789474,-1.43310191558184
"MOUNT GAMBIER",2,"600",73,21,14.9967507939073,0.287671232876712,6.00324920609272
"MOUNT GAMBIER",3,"600",26,2,3.28291821738405,0.0769230769230769,-1.28291821738405
"MOUNT GAMBIER",4,"600",72,10,11.257823879009,0.138888888888889,-1.25782387900895
"MOUNT GAMBIER",5,"600",41,6,6.14275290419035,0.146341463414634,-0.142752904190346
"MOUNT GAMBIER",6,"600",50,8,6.91035134923756,0.16,1.08964865076244
"MOUNT GAMBIER",7,"600",49,4,7.66267544182549,0.0816326530612245,-3.66267544182549
"MOUNT GAMBIER",8,"600",72,12,10.3136254988645,0.166666666666667,1.68637450113551
"MOUNT GAMBIER",1,"732",17,4,3.81231174941993,0.235294117647059,0.187688250580067
"MOUNT GAMBIER",2,"732",12,2,1.55865630100498,0.166666666666667,0.441343698995021
"MOUNT GAMBIER",3,"732",5,0,0.6039249195701,0,-0.6039249195701
"MOUNT GAMBIER",4,"732",13,2,2.34025726988354,0.153846153846154,-0.340257269883537
"MOUNT GAMBIER",5,"732",7,3,1.88396106752483,0.428571428571429,1.11603893247517
"MOUNT GAMBIER",6,"732",8,0,0.966171498831909,0,-0.966171498831909
"MOUNT GAMBIER",7,"732",10,5,2.65054242193134,0.5,2.34945757806866
"MOUNT GAMBIER",8,"732",14,2,4.18417477183338,0.142857142857143,-2.18417477183338
"MURRAY BRIDGE",1,"300",286,55,57.4633513334665,0.192307692307692,-2.46335133346647
"MURRAY BRIDGE",2,"300",296,57,58.6500002309014,0.192567567567568,-1.65000023090139
"MURRAY BRIDGE",3,"300",64,13,8.78652661156279,0.203125,4.21347338843721
"MURRAY BRIDGE",4,"300",287,47,49.843750119191,0.163763066202091,-2.843750119191
"MURRAY BRIDGE",5,"300",205,29,29.425192429783,0.141463414634146,-0.425192429782999
"MURRAY BRIDGE",6,"300",122,23,18.4760707956869,0.188524590163934,4.52392920431306
"MURRAY BRIDGE",7,"300",220,32,31.4596686193108,0.145454545454545,0.540331380689185
"MURRAY BRIDGE",8,"300",289,55,55.8954398600976,0.190311418685121,-0.895439860097603
"MURRAY BRIDGE",1,"350",96,16,20.2376206751456,0.166666666666667,-4.23762067514556
"MURRAY BRIDGE",2,"350",99,14,14.9255634026753,0.141414141414141,-0.92556340267533
"MURRAY BRIDGE",3,"350",38,7,4.36764756542657,0.184210526315789,2.63235243457343
"MURRAY BRIDGE",4,"350",99,16,15.3530243921663,0.161616161616162,0.646975607833747
"MURRAY BRIDGE",5,"350",65,14,10.7964242119873,0.215384615384615,3.20357578801275
"MURRAY BRIDGE",6,"350",51,6,6.87510808690249,0.117647058823529,-0.875108086902491
"MURRAY BRIDGE",7,"350",79,11,14.2757328492639,0.139240506329114,-3.27573284926386
"MURRAY BRIDGE",8,"350",97,20,17.1688788164327,0.206185567010309,2.83112118356731
"MURRAY BRIDGE",1,"395",619,97,123.692624194577,0.15670436187399,-26.6926241945767
"MURRAY BRIDGE",2,"395",610,111,106.250525984666,0.181967213114754,4.74947401533447
"MURRAY BRIDGE",3,"395",164,22,19.9827586531823,0.134146341463415,2.01724134681772
"MURRAY BRIDGE",4,"395",613,87,95.8253803652742,0.141924959216966,-8.82538036527416
"MURRAY BRIDGE",5,"395",502,75,72.4994103224354,0.149402390438247,2.50058967756459
"MURRAY BRIDGE",6,"395",231,37,33.2264903365087,0.16017316017316,3.7735096634913
"MURRAY BRIDGE",7,"395",545,76,76.2654493420436,0.139449541284404,-0.265449342043624
"MURRAY BRIDGE",8,"395",607,126,102.257360801314,0.207578253706755,23.7426391986864
"MURRAY BRIDGE",1,"455",367,55,71.4821023922539,0.149863760217984,-16.4821023922539
"MURRAY BRIDGE",2,"455",377,56,63.7823861732898,0.148541114058355,-7.78238617328984
"MURRAY BRIDGE",3,"455",195,26,23.3244810566033,0.133333333333333,2.67551894339675
"MURRAY BRIDGE",4,"455",367,61,51.7100177778574,0.166212534059946,9.28998222214257
"MURRAY BRIDGE",5,"455",280,48,40.3232848225271,0.171428571428571,7.67671517747292
"MURRAY BRIDGE",6,"455",230,37,32.4980940778317,0.160869565217391,4.50190592216832
"MURRAY BRIDGE",7,"455",330,50,41.0002191655463,0.151515151515152,8.99978083445367
"MURRAY BRIDGE",8,"455",365,53,59.8794145340904,0.145205479452055,-6.87941453409043
"MURRAY BRIDGE",1,"530",96,17,19.3513810844131,0.177083333333333,-2.35138108441311
"MURRAY BRIDGE",2,"530",98,17,20.3639612043575,0.173469387755102,-3.3639612043575
"MURRAY BRIDGE",3,"530",36,5,4.31283178098297,0.138888888888889,0.687168219017034
"MURRAY BRIDGE",4,"530",96,17,14.7763854393277,0.177083333333333,2.22361456067233
"MURRAY BRIDGE",5,"530",52,9,8.87606516026724,0.173076923076923,0.123934839732764
"MURRAY BRIDGE",6,"530",68,17,11.0462667589071,0.25,5.95373324109293
"MURRAY BRIDGE",7,"530",63,5,8.64257300916543,0.0793650793650794,-3.64257300916543
"MURRAY BRIDGE",8,"530",96,19,17.630535562579,0.197916666666667,1.36946443742098
"MURRAY BRIDGE",1,"680",51,12,13.7475172588646,0.235294117647059,-1.74751725886464
"MURRAY BRIDGE",2,"680",32,8,6.3303589515161,0.25,1.6696410484839
"MURRAY BRIDGE",3,"680",25,4,4.83552968791239,0.16,-0.835529687912392
"MURRAY BRIDGE",4,"680",34,4,5.58154083180659,0.117647058823529,-1.58154083180659
"MURRAY BRIDGE",5,"680",28,8,7.00563521205603,0.285714285714286,0.994364787943974
"MURRAY BRIDGE",6,"680",26,6,4.3518147456331,0.230769230769231,1.6481852543669
"MURRAY BRIDGE",7,"680",34,4,5.63807498168305,0.117647058823529,-1.63807498168305
"MURRAY BRIDGE",8,"680",35,7,5.50952833052811,0.2,1.49047166947189
"MURRAY BRIDGE STRAIGHT",1,"300",333,59,65.2338377123767,0.177177177177177,-6.23383771237665
"MURRAY BRIDGE STRAIGHT",2,"300",326,60,62.6367889152036,0.184049079754601,-2.63678891520363
"MURRAY BRIDGE STRAIGHT",3,"300",89,11,11.8565838511149,0.123595505617978,-0.856583851114854
"MURRAY BRIDGE STRAIGHT",4,"300",323,53,59.1854070591178,0.164086687306502,-6.18540705911776
"MURRAY BRIDGE STRAIGHT",5,"300",235,41,35.4791305411357,0.174468085106383,5.52086945886434
"MURRAY BRIDGE STRAIGHT",6,"300",150,25,24.6039198872922,0.166666666666667,0.396080112707832
"MURRAY BRIDGE STRAIGHT",7,"300",262,47,36.0080328662568,0.179389312977099,10.9919671337432
"MURRAY BRIDGE STRAIGHT",8,"300",333,52,52.9962991675024,0.156156156156156,-0.996299167502443
"MURRAY BRIDGE STRAIGHT",1,"350",96,21,18.7661733582751,0.21875,2.23382664172486
"MURRAY BRIDGE STRAIGHT",2,"350",98,21,17.705941881618,0.214285714285714,3.29405811838198
"MURRAY BRIDGE STRAIGHT",3,"350",36,8,5.79024838818495,0.222222222222222,2.20975161181505
"MURRAY BRIDGE STRAIGHT",4,"350",97,19,16.6115689053179,0.195876288659794,2.38843109468214
"MURRAY BRIDGE STRAIGHT",5,"350",57,5,9.05246454284423,0.087719298245614,-4.05246454284423
"MURRAY BRIDGE STRAIGHT",6,"350",56,9,8.14909913777663,0.160714285714286,0.850900862223368
"MURRAY BRIDGE STRAIGHT",7,"350",77,8,11.2952820769205,0.103896103896104,-3.29528207692054
"MURRAY BRIDGE STRAIGHT",8,"350",92,11,14.6292217090626,0.119565217391304,-3.62922170906262
"SALE",1,"440",10,2,2.3334345611848,0.2,-0.333434561184804
"SALE",2,"440",10,2,1.44115984937343,0.2,0.558840150626565
"SALE",3,"440",10,0,0.889841343863888,0,-0.889841343863888
"SALE",4,"440",10,2,0.784632331421907,0.2,1.21536766857809
"SALE",5,"440",9,1,0.852940936659616,0.111111111111111,0.147059063340384
"SALE",6,"440",9,1,0.749292297241561,0.111111111111111,0.250707702758439
"SALE",7,"440",10,2,2.15799549449555,0.2,-0.157995494495555
"SALE",8,"440",9,0,0.790703185759234,0,-0.790703185759234
"SALE",1,"520",2,0,0.244372970538612,0,-0.244372970538612
"SALE",2,"520",2,0,0.336142531188947,0,-0.336142531188947
"SALE",3,"520",2,0,0.078467169429628,0,-0.078467169429628
"SALE",4,"520",2,1,0.238018367970238,0.5,0.761981632029762
"SALE",5,"520",1,0,0.0384037690708718,0,-0.0384037690708718
"SALE",6,"520",2,0,0.323180629669842,0,-0.323180629669842
"SALE",7,"520",2,1,0.59951588997169,0.5,0.40048411002831
"SALE",8,"520",1,0,0.14189867216017,0,-0.14189867216017
"SANDOWN PARK",1,"515",616,124,133.338027824562,0.201298701298701,-9.33802782456243
"SANDOWN PARK",2,"515",604,136,110.489826449671,0.225165562913907,25.5101735503294
"SANDOWN PARK",3,"515",505,82,69.2030853373889,0.162376237623762,12.7969146626111
"SANDOWN PARK",4,"515",598,67,78.6809898533568,0.112040133779264,-11.6809898533568
"SANDOWN PARK",5,"515",419,57,48.2809288015519,0.136038186157518,8.71907119844807
"SANDOWN PARK",6,"515",512,63,64.129173822663,0.123046875,-1.12917382266299
"SANDOWN PARK",7,"515",572,46,57.6855316373798,0.0804195804195804,-11.6855316373798
"SANDOWN PARK",8,"515",591,55,67.1924362734264,0.0930626057529611,-12.1924362734264
"SANDOWN PARK",1,"595",150,36,37.2720917393353,0.24,-1.27209173933534
"SANDOWN PARK",2,"595",148,33,24.4806356296152,0.222972972972973,8.5193643703848
"SANDOWN PARK",3,"595",106,19,13.8690089805142,0.179245283018868,5.13099101948576
"SANDOWN PARK",4,"595",148,14,18.5922212737291,0.0945945945945946,-4.59222127372913
"SANDOWN PARK",5,"595",114,10,12.453868983091,0.087719298245614,-2.45386898309097
"SANDOWN PARK",6,"595",115,15,12.4625191415102,0.130434782608696,2.53748085848978
"SANDOWN PARK",7,"595",138,15,14.2965798670178,0.108695652173913,0.703420132982167
"SANDOWN PARK",8,"595",151,15,22.5730743851871,0.0993377483443709,-7.57307438518707
"SANDOWN PARK",1,"715",54,6,9.91394918892478,0.111111111111111,-3.91394918892478
"SANDOWN PARK",2,"715",55,11,10.7636752248305,0.2,0.236324775169471
"SANDOWN PARK",3,"715",29,2,4.78511310549874,0.0689655172413793,-2.78511310549874
"SANDOWN PARK",4,"715",52,7,6.49812531134697,0.134615384615385,0.501874688653029
"SANDOWN PARK",5,"715",42,6,6.31722762123469,0.142857142857143,-0.317227621234691
"SANDOWN PARK",6,"715",30,7,4.38333508796214,0.233333333333333,2.61666491203786
"SANDOWN PARK",7,"715",52,9,6.9025847709921,0.173076923076923,2.0974152290079
"SANDOWN PARK",8,"715",50,8,6.43598968921005,0.16,1.56401031078995
"SHEPPARTON",1,"385",233,54,44.4851768246494,0.231759656652361,9.51482317535056
"SHEPPARTON",2,"385",231,43,34.7962081446404,0.186147186147186,8.20379185535963
"SHEPPARTON",3,"385",212,21,25.4517950487404,0.0990566037735849,-4.45179504874041
"SHEPPARTON",4,"385",228,31,29.2702739837269,0.135964912280702,1.7297260162731
"SHEPPARTON",5,"385",179,14,20.108475411637,0.0782122905027933,-6.10847541163698
"SHEPPARTON",6,"385",203,19,24.8903162278611,0.0935960591133005,-5.89031622786114
"SHEPPARTON",7,"385",229,29,30.6941073080811,0.126637554585153,-1.69410730808107
"SHEPPARTON",8,"385",230,32,33.3036470506637,0.139130434782609,-1.30364705066369
"SHEPPARTON",1,"450",147,29,22.3079911142001,0.197278911564626,6.69200888579989
"SHEPPARTON",2,"450",145,21,22.617448435925,0.144827586206897,-1.61744843592499
"SHEPPARTON",3,"450",131,12,16.4463443286852,0.0916030534351145,-4.44634432868522
"SHEPPARTON",4,"450",144,15,18.791800452227,0.104166666666667,-3.79180045222698
"SHEPPARTON",5,"450",113,14,13.8735389187431,0.123893805309735,0.126461081256895
"SHEPPARTON",6,"450",128,11,13.7790159789517,0.0859375,-2.77901597895172
"SHEPPARTON",7,"450",149,20,21.5312827350232,0.134228187919463,-1.53128273502319
"SHEPPARTON",8,"450",148,33,25.6525780362447,0.222972972972973,7.34742196375532
"SHEPPARTON",1,"650",6,1,1.81757810783896,0.166666666666667,-0.817578107838958
"SHEPPARTON",2,"650",6,2,0.517409419240997,0.333333333333333,1.482590580759
"SHEPPARTON",3,"650",4,0,0.430451533311168,0,-0.430451533311168
"SHEPPARTON",4,"650",7,1,0.910488361875351,0.142857142857143,0.0895116381246492
"SHEPPARTON",5,"650",3,1,0.402363375121519,0.333333333333333,0.597636624878481
"SHEPPARTON",6,"650",5,1,1.19665223407875,0.2,-0.19665223407875
"SHEPPARTON",7,"650",5,1,0.552970098660626,0.2,0.447029901339374
"SHEPPARTON",8,"650",5,0,1.17208686987263,0,-1.17208686987263
"THE MEADOWS",1,"525",621,148,133.503405758686,0.238325281803543,14.4965942413135
"THE MEADOWS",2,"525",622,90,97.2935138108223,0.144694533762058,-7.29351381082226
"THE MEADOWS",3,"525",499,71,67.1083224201293,0.142284569138277,3.8916775798707
"THE MEADOWS",4,"525",610,103,88.8850570940639,0.168852459016393,14.1149429059361
"THE MEADOWS",5,"525",417,46,47.9273706282993,0.11031175059952,-1.92737062829926
"THE MEADOWS",6,"525",520,48,56.0797766214602,0.0923076923076923,-8.07977662146024
"THE MEADOWS",7,"525",577,56,63.986665785342,0.097053726169844,-7.986665785342
"THE MEADOWS",8,"525",610,72,79.2158878811966,0.118032786885246,-7.21588788119659
"THE MEADOWS",1,"600",160,31,33.358280072799,0.19375,-2.35828007279902
"THE MEADOWS",2,"600",157,27,26.6044265804311,0.171974522292994,0.395573419568926
"THE MEADOWS",3,"600",117,11,15.2090160424852,0.094017094017094,-4.2090160424852
"THE MEADOWS",4,"600",157,24,24.430997270188,0.152866242038217,-0.430997270188016
"THE MEADOWS",5,"600",104,12,11.6499848098459,0.115384615384615,0.350015190154076
"THE MEADOWS",6,"600",123,15,15.8435364107497,0.121951219512195,-0.843536410749719
"THE MEADOWS",7,"600",145,25,18.1005855029738,0.172413793103448,6.89941449702616
"THE MEADOWS",8,"600",156,17,16.8031733105272,0.108974358974359,0.19682668947279
"THE MEADOWS",1,"725",13,1,1.14016386915268,0.0769230769230769,-0.140163869152679
"THE MEADOWS",2,"725",13,2,2.55703096657314,0.153846153846154,-0.557030966573144
"THE MEADOWS",3,"725",12,1,2.43526875927764,0.0833333333333333,-1.43526875927764
"THE MEADOWS",4,"725",13,3,2.34386625561323,0.230769230769231,0.656133744386774
"THE MEADOWS",5,"725",5,0,0.322699639054129,0,-0.322699639054129
"THE MEADOWS",6,"725",11,1,0.994435597251813,0.0909090909090909,0.00556440274818726
"THE MEADOWS",7,"725",13,2,1.96200956444211,0.153846153846154,0.0379904355578922
"THE MEADOWS",8,"725",12,3,1.24452534863526,0.25,1.75547465136474
"THE MEADOWS",1,"730",27,8,6.10298726184631,0.296296296296296,1.89701273815369
"THE MEADOWS",2,"730",26,5,3.60197227960756,0.192307692307692,1.39802772039244
"THE MEADOWS",3,"730",21,1,2.36354412491667,0.0476190476190476,-1.36354412491667
"THE MEADOWS",4,"730",26,2,2.25702838883834,0.0769230769230769,-0.257028388838345
"THE MEADOWS",5,"730",18,2,3.10590999567943,0.111111111111111,-1.10590999567943
"THE MEADOWS",6,"730",24,2,2.36138310111505,0.0833333333333333,-0.361383101115048
"THE MEADOWS",7,"730",23,2,3.50574578746047,0.0869565217391304,-1.50574578746047
"THE MEADOWS",8,"730",26,5,3.70142906053617,0.192307692307692,1.29857093946383
"TRARALGON",1,"395",8,1,2.50648886630244,0.125,-1.50648886630244
"TRARALGON",2,"395",8,4,1.8268563094363,0.5,2.1731436905637
"TRARALGON",3,"395",9,1,0.93203930898744,0.111111111111111,0.0679606910125597
"TRARALGON",4,"395",8,0,0.439707612950404,0,-0.439707612950404
"TRARALGON",5,"395",10,0,1.42868949185342,0,-1.42868949185342
"TRARALGON",6,"395",8,3,1.25891224895772,0.375,1.74108775104228
"TRARALGON",7,"395",6,1,0.586207465525124,0.166666666666667,0.413792534474876
"TRARALGON",8,"395",7,0,1.02109869598715,0,-1.02109869598715
"TRARALGON",1,"500",1,0,0.300451362580151,0,-0.300451362580151
"TRARALGON",2,"500",1,0,0.254928428855886,0,-0.254928428855886
"TRARALGON",4,"500",1,0,0.0462232865507924,0,-0.0462232865507924
"TRARALGON",5,"500",1,1,0.0632529184379265,1,0.936747081562074
"TRARALGON",7,"500",1,0,0.0235648127513844,0,-0.0235648127513844
"TRARALGON",8,"500",1,0,0.31157919082386,0,-0.31157919082386
"WARRAGUL",1,"400",199,36,38.5272287862737,0.180904522613065,-2.52722878627372
"WARRAGUL",2,"400",205,40,32.5923356476756,0.195121951219512,7.40766435232438
"WARRAGUL",3,"400",175,21,20.9179153679076,0.12,0.0820846320924424
"WARRAGUL",4,"400",197,22,24.6678734579489,0.111675126903553,-2.66787345794889
"WARRAGUL",5,"400",142,19,16.7172236760365,0.133802816901408,2.28277632396352
"WARRAGUL",6,"400",177,20,21.6113589609162,0.112994350282486,-1.61135896091623
"WARRAGUL",7,"400",187,28,28.5498069604723,0.149732620320856,-0.549806960472282
"WARRAGUL",8,"400",200,31,32.4162571427692,0.155,-1.41625714276922
"WARRAGUL",1,"460",160,31,32.8235201500413,0.19375,-1.8235201500413
"WARRAGUL",2,"460",158,24,22.3525282499537,0.151898734177215,1.64747175004631
"WARRAGUL",3,"460",134,16,15.32711519857,0.119402985074627,0.672884801430008
"WARRAGUL",4,"460",156,17,20.3055098610195,0.108974358974359,-3.30550986101951
"WARRAGUL",5,"460",112,11,12.2409385768093,0.0982142857142857,-1.24093857680928
"WARRAGUL",6,"460",135,21,17.8159159076977,0.155555555555556,3.1840840923023
"WARRAGUL",7,"460",147,23,18.9066998093526,0.156462585034014,4.09330019064736
"WARRAGUL",8,"460",161,26,28.2277722465559,0.161490683229814,-2.22777224655589
"WARRAGUL",1,"680",6,3,3.31810642898231,0.5,-0.318106428982315
"WARRAGUL",2,"680",6,1,0.555130545480233,0.166666666666667,0.444869454519767
"WARRAGUL",3,"680",5,0,0.118899891107569,0,-0.118899891107569
"WARRAGUL",4,"680",7,0,0.6427301182269,0,-0.6427301182269
"WARRAGUL",5,"680",2,0,0.112082163886939,0,-0.112082163886939
"WARRAGUL",6,"680",4,2,0.637218209828627,0.5,1.36278179017137
"WARRAGUL",7,"680",6,0,0.896418876616349,0,-0.896418876616349
"WARRAGUL",8,"680",7,1,0.719413765871068,0.142857142857143,0.280586234128932
"WARRNAMBOOL",1,"390",14,1,2.54012193133842,0.0714285714285714,-1.54012193133842
"WARRNAMBOOL",2,"390",14,1,1.77379489195194,0.0714285714285714,-0.773794891951941
"WARRNAMBOOL",3,"390",12,1,1.65113108949816,0.0833333333333333,-0.65113108949816
"WARRNAMBOOL",4,"390",13,7,2.14143909020216,0.538461538461538,4.85856090979784
"WARRNAMBOOL",5,"390",13,0,1.26644193624986,0,-1.26644193624986
"WARRNAMBOOL",6,"390",13,1,0.928671549359684,0.0769230769230769,0.0713284506403158
"WARRNAMBOOL",7,"390",12,1,1.78976212714073,0.0833333333333333,-0.789762127140732
"WARRNAMBOOL",8,"390",11,2,1.90863738425904,0.181818181818182,0.0913626157409586
"WARRNAMBOOL",1,"450",10,1,1.47133166948252,0.1,-0.471331669482521
"WARRNAMBOOL",2,"450",10,0,1.25880863065249,0,-1.25880863065249
"WARRNAMBOOL",3,"450",10,2,0.835495329868234,0.2,1.16450467013177
"WARRNAMBOOL",4,"450",9,1,1.61403386188866,0.111111111111111,-0.614033861888661
"WARRNAMBOOL",5,"450",10,0,0.85950159810653,0,-0.85950159810653
"WARRNAMBOOL",6,"450",10,2,2.16112896715024,0.2,-0.161128967150238
"WARRNAMBOOL",7,"450",10,1,0.630466933042976,0.1,0.369533066957024
"WARRNAMBOOL",8,"450",10,3,1.16923300980835,0.3,1.83076699019165
